composite_figi,ticker,name,valid_from,valid_to
BBG000B9XRY4,AAPL,Apple Inc.,2003-09-10,
BBG0025Y4RY4,ABBV,ABBVIE INC.,2012-12-10,
BBG000B9ZXB4,ABT,Abbott Laboratories,2003-09-10,
BBG000BB5006,ADBE,Adobe Inc.,2003-09-10,
BBG000BBDZG3,AIG,"American International Group, Inc.",2009-07-02,
BBG000BBQCY0,AMD,Advanced Micro Devices,2003-09-10,
BBG000BBS2Y0,AMGN,Amgen Inc,2003-09-10,
BBG000B9XYV2,AMT,American Tower Corporation,2012-01-04,
BBG000BVPV84,AMZN,Amazon.Com Inc,2003-09-10,
BBG00KHY5S69,AVGO,Broadcom Inc. Common Stock,2018-04-05,
BBG000BCQZS4,AXP,American Express Company,2003-09-10,
BBG000BCSST7,BA,Boeing Company,2003-09-10,
BBG000BCTLF6,BAC,Bank of America Corporation,2003-09-10,
BBG000BLBVN4,BKNG,Booking Holdings Inc. Common Stock,2018-02-27,
BBG01PSW2WN4,BLK,"Blackrock, Inc.",2024-10-02,
BBG000DQLV23,BMY,Bristol-Myers Squibb Co.,2003-09-10,
BBG000FY4S11,C,Citigroup Inc.,2011-05-10,
BBG000BF0K17,CAT,Caterpillar Inc.,2003-09-10,
BBG000VPGNR2,CHTR,Charter Comm Inc Del CL A New,2016-05-19,
BBG000BFQYY3,CL,Colgate-Palmolive Company,2003-09-10,
BBG000BFT2L4,CMCS,Comcast Corp,2003-09-10,2004-11-08
BBG000BFT2L4,CMCSA,Comcast Corp,2004-11-08,
BBG000BGKTF9,COF,Capital One Financial,2003-09-10,
BBG000BQQH30,COP,ConocoPhillips,2003-09-10,
BBG000F6H8W8,COST,Costco Wholesale Corp,2003-09-10,
BBG000BN2DC2,CRM,"Salesforce, Inc.",2004-06-23,
BBG000C3J3C9,CSCO,"Cisco Systems, Inc. Common Stock (DE)",2003-09-10,
BBG000BGRY34,CVS,CVS HEALTH CORPORATION,2003-09-10,
BBG000K4ND22,CVX,Chevron Corporation,2003-09-10,
BBG000BH1NH9,DE,Deere & Company,2003-09-10,
BBG000BH3JF8,DHR,Danaher Corporation,2003-09-10,
BBG000BH4R78,DIS,The Walt Disney Company,2003-09-10,
BBG000BHGDH5,DUK,Duke Energy Corporation,2012-07-05,
BBG000BHX7N2,EMR,Emerson Electric Co.,2003-09-10,
BBG000J6XT05,EXC,Exelon Corporation,2003-09-10,
BBG000BQPC32,F,Ford Motor Company,2003-09-10,
BBG000BJF1Z8,FDX,FedEx Corporation,2003-09-10,
BBG000BK67C7,GD,General Dynamics Corporation,2003-09-10,
BBG000BK6MB5,GE,GE Aerospace,2021-08-02,
BBG000CKGBP2,GILD,Gilead Sciences Inc,2003-09-10,
BBG000NDYB67,GM,General Motors Company,2010-11-18,
BBG009S3NB30,GOOG,Alphabet Inc. Class C Capital Stock,2015-10-06,
BBG009S39JX6,GOOG,Alphabet Inc. Class A Common Stock,2015-10-06,
BBG000C6CFJ5,GS,Goldman Sachs Group Inc.,2003-09-10,
BBG000BKZB36,HD,"Home Depot, Inc.",2003-09-10,
BBG000H556T9,HON,"Honeywell International, Inc.",2003-09-10,
BBG000BLNNH6,IBM,International Business Machines Corporation,2003-09-10,
BBG000C0G1D1,INTC,Intel Corp,2003-09-10,
BBG000BH5DV1,INTU,Intuit Inc,2003-09-10,
BBG000BMHYD1,JNJ,Johnson & Johnson,2003-09-10,
BBG000DMBXR2,JPM,JPMorgan Chase & Co.,2003-09-10,
BBG005CPNTQ2,KHC,The Kraft Heinz Company Common Stock,2015-07-06,
BBG000BMX289,KO,Coca-Cola Company,2003-09-10,
BBG000BNBDC2,LLY,Eli Lilly & Co.,2003-09-10,
BBG000C1BW00,LMT,Lockheed Martin Corp.,2003-09-10,
BBG000BNDN65,LOW,Lowe's Companies Inc.,2003-09-10,
BBG000F1ZSQ2,MA,Mastercard Incorporated,2006-05-25,
BBG000BNSZP1,MCD,McDonald's Corporation,2003-09-10,
BBG000D4LWF6,MDLZV,"Mondelez International, Inc. Class A",2012-09-18,2012-10-02
BBG000D4LWF6,MDLZ,"Mondelez International, Inc. Class A",2012-10-02,
BBG000BB6KF5,MET,"MetLife, Inc.",2003-09-10,
BBG000MM2P62,FB,"Meta Platforms, Inc. Class A Common Stock",2012-05-18,2022-06-09
BBG000MM2P62,META,"Meta Platforms, Inc. Class A Common Stock",2022-06-09,
BBG000BP52R2,MMM,3M Company,2003-09-10,
BBG000BP6LJ8,MO,"Altria Group, Inc.",2003-09-10,
BBG000BPD168,MRK,"Merck & Co., Inc.",2009-11-05,
BBG000BLZRJ2,MWD,Morgan Stanley,2003-09-10,2006-01-17
BBG000BLZRJ2,MS,Morgan Stanley,2006-01-17,
BBG000BPH459,MSFT,Microsoft Corp,2003-09-10,
BBG000BJSBJ0,FPL,"NextEra Energy, Inc.",2010-06-04,2010-06-23
BBG000BJSBJ0,NEE,"NextEra Energy, Inc.",2010-06-23,
BBG000CL9VN6,NFLX,NetFlix Inc,2003-09-10,
BBG000C5HS04,NKE,"Nike, Inc.",2003-09-10,
BBG000BBJQV0,NVDA,Nvidia Corp,2003-09-10,
BBG000BQLTW7,ORCL,Oracle Corp,2003-09-10,
BBG000DH7JK6,PEP,"PepsiCo, Inc.",2003-09-10,
BBG000BR2B91,PFE,Pfizer Inc.,2003-09-10,
BBG000BR2TH3,PG,Procter & Gamble Company,2003-09-10,
BBG000J2XL74,PM,Philip Morris International Inc.,2008-03-17,
BBG0077VNXV6,PYPL,"PayPal Holdings, Inc. Common Stock",2015-07-06,
BBG000CGC1X8,QCOM,Qualcomm Inc,2003-09-10,
BBG000BW8S60,RTX,RTX Corporation,2020-04-03,
BBG000CTQBF3,SBUX,Starbucks Corp,2003-09-10,
BBG000BSLZY7,SCH,The Charles Schwab Corporation,2003-09-10,2005-12-23
BBG000BSLZY7,SCHW,The Charles Schwab Corporation,2005-12-23,
BBG000BT9DW0,SO,The Southern Company,2003-09-10,
BBG000BJ2D31,SPG,"Simon Property Group, Inc.",2003-09-10,
BBG000BSJK37,SBC,AT&T Inc.,2005-11-21,2005-12-01
BBG000BSJK37,T,AT&T Inc.,2005-12-01,
BBG000H8TVT2,TGT,Target Corporation,2003-09-10,
BBG000BVDLH9,TMO,"Thermo Fisher Scientific, Inc.",2003-09-10,
BBG000NDV1D4,TMUS,"T-Mobile US, Inc.",2013-05-01,
BBG000N9MNX3,TSLA,"Tesla, Inc. Common Stock",2010-06-30,
BBG000BVV7G1,TXN,Texas Instruments Incorporated,2003-09-10,
BBG000CH5208,UNH,UNITEDHEALTH GROUP INCORPORATED (Delaware),2003-09-10,
BBG000BW3299,UNP,Union Pacific Corp.,2003-09-10,
BBG000L9CV04,UPS,"United Parcel Service, Inc. Class B",2003-09-10,
BBG000FFDM15,USB,U.S. Bancorp,2003-09-10,
BBG000PSKYX7,V,VISA Inc.,2008-03-19,
BBG000HS77T5,VZ,Verizon Communications,2003-09-10,
BBG000BWQFY7,WFC,Wells Fargo & Co.,2003-09-10,
BBG000BWXBC2,WMT,Walmart Inc. Common Stock,2003-09-10,
BBG000GZQ728,XOM,Exxon Mobil Corporation,2003-09-10,
BBG000BDTBL9,SPY,State Street SPDR S&P 500 ETF Trust,2003-09-10,
BBG000BSWKH7,QQQ,"Invesco QQQ Trust, Series 1",2018-06-04,
BBG000CGC9C4,IWM,iShares Russell 2000 ETF,2003-09-10,
BBG000BTDS98,DIA,State Street SPDR Dow Jones Industrial Average ETF Trust,2010-03-02,
